email,first_name,last_name,dept_code,admission_year,current_semester,username,password
satish.bhat17752150030@college.edu,Satish,Bhat,01,2024,1,satish.bhat17752150030,edutrack@123
rohan.bhatt17752150031@college.edu,Rohan,Bhatt,05,2025,3,rohan.bhatt17752150031,edutrack@123
lokesh.rao17752150032@college.edu,Lokesh,Rao,02,2026,5,lokesh.rao17752150032,edutrack@123
rahul.seth17752150033@college.edu,Rahul,Seth,05,2024,1,rahul.seth17752150033,edutrack@123
vivek.verma17752150034@college.edu,Vivek,Verma,01,2025,3,vivek.verma17752150034,edutrack@123
krishna.jain17752150035@college.edu,Krishna,Jain,01,2026,5,krishna.jain17752150035,edutrack@123
ritvik.kohli17752150036@college.edu,Ritvik,Kohli,02,2024,1,ritvik.kohli17752150036,edutrack@123
mahesh.pandey17752150037@college.edu,Mahesh,Pandey,02,2025,3,mahesh.pandey17752150037,edutrack@123
abhinav.reddy17752150038@college.edu,Abhinav,Reddy,04,2026,5,abhinav.reddy17752150038,edutrack@123
naveen.sharma17752150039@college.edu,Naveen,Sharma,05,2024,1,naveen.sharma17752150039,edutrack@123
chaitanya.singh177521500310@college.edu,Chaitanya,Singh,03,2025,3,chaitanya.singh177521500310,edutrack@123
shashank.seth177521500311@college.edu,Shashank,Seth,03,2026,5,shashank.seth177521500311,edutrack@123
krishna.kaul177521500312@college.edu,Krishna,Kaul,01,2024,1,krishna.kaul177521500312,edutrack@123
madhav.mehta177521500313@college.edu,Madhav,Mehta,01,2025,3,madhav.mehta177521500313,edutrack@123
naresh.dutta177521500314@college.edu,Naresh,Dutta,04,2026,5,naresh.dutta177521500314,edutrack@123
aryan.das177521500315@college.edu,Aryan,Das,02,2024,1,aryan.das177521500315,edutrack@123
rohan.bose177521500316@college.edu,Rohan,Bose,05,2025,3,rohan.bose177521500316,edutrack@123
lokesh.iyer177521500317@college.edu,Lokesh,Iyer,02,2026,5,lokesh.iyer177521500317,edutrack@123
sandeep.malhotra177521500318@college.edu,Sandeep,Malhotra,05,2024,1,sandeep.malhotra177521500318,edutrack@123
yash.pandey177521500319@college.edu,Yash,Pandey,01,2025,3,yash.pandey177521500319,edutrack@123
gokul.patel177521500320@college.edu,Gokul,Patel,05,2026,5,gokul.patel177521500320,edutrack@123
aarav.naidu177521500321@college.edu,Aarav,Naidu,03,2024,1,aarav.naidu177521500321,edutrack@123
naresh.chatterjee177521500322@college.edu,Naresh,Chatterjee,05,2025,3,naresh.chatterjee177521500322,edutrack@123
kiran.menon177521500323@college.edu,Kiran,Menon,05,2026,5,kiran.menon177521500323,edutrack@123
ritvik.ghosh177521500324@college.edu,Ritvik,Ghosh,04,2024,1,ritvik.ghosh177521500324,edutrack@123
tarun.malhotra177521500325@college.edu,Tarun,Malhotra,02,2025,3,tarun.malhotra177521500325,edutrack@123
krishna.naidu177521500326@college.edu,Krishna,Naidu,04,2026,5,krishna.naidu177521500326,edutrack@123
dev.kumar177521500327@college.edu,Dev,Kumar,03,2024,1,dev.kumar177521500327,edutrack@123
madhav.roy177521500328@college.edu,Madhav,Roy,03,2025,3,madhav.roy177521500328,edutrack@123
manoj.chatterjee177521500329@college.edu,Manoj,Chatterjee,03,2026,5,manoj.chatterjee177521500329,edutrack@123
vinay.chauhan177521500330@college.edu,Vinay,Chauhan,04,2024,1,vinay.chauhan177521500330,edutrack@123
dinesh.yadav177521500331@college.edu,Dinesh,Yadav,05,2025,3,dinesh.yadav177521500331,edutrack@123
krishna.joshi177521500332@college.edu,Krishna,Joshi,05,2026,5,krishna.joshi177521500332,edutrack@123
karthik.saini177521500333@college.edu,Karthik,Saini,05,2024,1,karthik.saini177521500333,edutrack@123
deepak.agarwal177521500334@college.edu,Deepak,Agarwal,01,2025,3,deepak.agarwal177521500334,edutrack@123
nikhil.jain177521500335@college.edu,Nikhil,Jain,01,2026,5,nikhil.jain177521500335,edutrack@123
naresh.kumar177521500336@college.edu,Naresh,Kumar,03,2024,1,naresh.kumar177521500336,edutrack@123
yash.nair177521500337@college.edu,Yash,Nair,01,2025,3,yash.nair177521500337,edutrack@123
siddharth.nag177521500338@college.edu,Siddharth,Nag,03,2026,5,siddharth.nag177521500338,edutrack@123
ritvik.ghosh177521500339@college.edu,Ritvik,Ghosh,04,2024,1,ritvik.ghosh177521500339,edutrack@123
sandeep.thakur177521500340@college.edu,Sandeep,Thakur,04,2025,3,sandeep.thakur177521500340,edutrack@123
nikhil.singh177521500341@college.edu,Nikhil,Singh,02,2026,5,nikhil.singh177521500341,edutrack@123
rakesh.saxena177521500342@college.edu,Rakesh,Saxena,01,2024,1,rakesh.saxena177521500342,edutrack@123
tarun.rawat177521500343@college.edu,Tarun,Rawat,03,2025,3,tarun.rawat177521500343,edutrack@123
sai.tripathi177521500344@college.edu,Sai,Tripathi,03,2026,5,sai.tripathi177521500344,edutrack@123
vamsi.chauhan177521500345@college.edu,Vamsi,Chauhan,05,2024,1,vamsi.chauhan177521500345,edutrack@123
nikhil.saini177521500346@college.edu,Nikhil,Saini,01,2025,3,nikhil.saini177521500346,edutrack@123
naresh.gupta177521500347@college.edu,Naresh,Gupta,04,2026,5,naresh.gupta177521500347,edutrack@123
surya.dubey177521500348@college.edu,Surya,Dubey,01,2024,1,surya.dubey177521500348,edutrack@123
rohan.sharma177521500349@college.edu,Rohan,Sharma,04,2025,3,rohan.sharma177521500349,edutrack@123
dev.saxena177521500350@college.edu,Dev,Saxena,05,2026,5,dev.saxena177521500350,edutrack@123
sandeep.shetty177521500351@college.edu,Sandeep,Shetty,01,2024,1,sandeep.shetty177521500351,edutrack@123
harsha.menon177521500352@college.edu,Harsha,Menon,01,2025,3,harsha.menon177521500352,edutrack@123
arjun.patel177521500353@college.edu,Arjun,Patel,05,2026,5,arjun.patel177521500353,edutrack@123
rohan.bhatt177521500354@college.edu,Rohan,Bhatt,04,2024,1,rohan.bhatt177521500354,edutrack@123
lokesh.thakur177521500355@college.edu,Lokesh,Thakur,02,2025,3,lokesh.thakur177521500355,edutrack@123
manoj.pandey177521500356@college.edu,Manoj,Pandey,01,2026,5,manoj.pandey177521500356,edutrack@123
vivek.pandey177521500357@college.edu,Vivek,Pandey,02,2024,1,vivek.pandey177521500357,edutrack@123
rahul.jain177521500358@college.edu,Rahul,Jain,03,2025,3,rahul.jain177521500358,edutrack@123
tejas.chopra177521500359@college.edu,Tejas,Chopra,04,2026,5,tejas.chopra177521500359,edutrack@123
pranav.patel177521500360@college.edu,Pranav,Patel,05,2024,1,pranav.patel177521500360,edutrack@123
gokul.kapoor177521500361@college.edu,Gokul,Kapoor,03,2025,3,gokul.kapoor177521500361,edutrack@123
bhargav.kohli177521500362@college.edu,Bhargav,Kohli,04,2026,5,bhargav.kohli177521500362,edutrack@123
vinay.mehta177521500363@college.edu,Vinay,Mehta,01,2024,1,vinay.mehta177521500363,edutrack@123
anil.rao177521500364@college.edu,Anil,Rao,05,2025,3,anil.rao177521500364,edutrack@123
ajay.roy177521500365@college.edu,Ajay,Roy,04,2026,5,ajay.roy177521500365,edutrack@123
sai.bansal177521500366@college.edu,Sai,Bansal,05,2024,1,sai.bansal177521500366,edutrack@123
sandeep.suri177521500367@college.edu,Sandeep,Suri,02,2025,3,sandeep.suri177521500367,edutrack@123
arvind.bhatt177521500368@college.edu,Arvind,Bhatt,01,2026,5,arvind.bhatt177521500368,edutrack@123
shashank.verma177521500369@college.edu,Shashank,Verma,04,2024,1,shashank.verma177521500369,edutrack@123
harsha.saini177521500370@college.edu,Harsha,Saini,03,2025,3,harsha.saini177521500370,edutrack@123
sandeep.chauhan177521500371@college.edu,Sandeep,Chauhan,02,2026,5,sandeep.chauhan177521500371,edutrack@123
rahul.saini177521500372@college.edu,Rahul,Saini,02,2024,1,rahul.saini177521500372,edutrack@123
pranav.malhotra177521500373@college.edu,Pranav,Malhotra,02,2025,3,pranav.malhotra177521500373,edutrack@123
aditya.nag177521500374@college.edu,Aditya,Nag,04,2026,5,aditya.nag177521500374,edutrack@123
abhinav.kapoor177521500375@college.edu,Abhinav,Kapoor,01,2024,1,abhinav.kapoor177521500375,edutrack@123
gokul.naidu177521500376@college.edu,Gokul,Naidu,03,2025,3,gokul.naidu177521500376,edutrack@123
vinay.seth177521500377@college.edu,Vinay,Seth,01,2026,5,vinay.seth177521500377,edutrack@123
ritvik.bhat177521500378@college.edu,Ritvik,Bhat,02,2024,1,ritvik.bhat177521500378,edutrack@123
pranav.sen177521500379@college.edu,Pranav,Sen,05,2025,3,pranav.sen177521500379,edutrack@123
sai.kumar177521500380@college.edu,Sai,Kumar,01,2026,5,sai.kumar177521500380,edutrack@123
abhinav.banerjee177521500381@college.edu,Abhinav,Banerjee,02,2024,1,abhinav.banerjee177521500381,edutrack@123
lokesh.malhotra177521500382@college.edu,Lokesh,Malhotra,05,2025,3,lokesh.malhotra177521500382,edutrack@123
shashank.kulkarni177521500383@college.edu,Shashank,Kulkarni,02,2026,5,shashank.kulkarni177521500383,edutrack@123
chaitanya.yadav177521500384@college.edu,Chaitanya,Yadav,04,2024,1,chaitanya.yadav177521500384,edutrack@123
manoj.bansal177521500385@college.edu,Manoj,Bansal,05,2025,3,manoj.bansal177521500385,edutrack@123
kiran.saxena177521500386@college.edu,Kiran,Saxena,04,2026,5,kiran.saxena177521500386,edutrack@123
deepak.kohli177521500387@college.edu,Deepak,Kohli,02,2024,1,deepak.kohli177521500387,edutrack@123
dinesh.nair177521500388@college.edu,Dinesh,Nair,05,2025,3,dinesh.nair177521500388,edutrack@123
sai.verma177521500389@college.edu,Sai,Verma,02,2026,5,sai.verma177521500389,edutrack@123
aryan.chopra177521500390@college.edu,Aryan,Chopra,01,2024,1,aryan.chopra177521500390,edutrack@123
vinay.dubey177521500391@college.edu,Vinay,Dubey,02,2025,3,vinay.dubey177521500391,edutrack@123
vamsi.banerjee177521500392@college.edu,Vamsi,Banerjee,03,2026,5,vamsi.banerjee177521500392,edutrack@123
madhav.verma177521500393@college.edu,Madhav,Verma,01,2024,1,madhav.verma177521500393,edutrack@123
nikhil.bansal177521500394@college.edu,Nikhil,Bansal,03,2025,3,nikhil.bansal177521500394,edutrack@123
darshan.malhotra177521500395@college.edu,Darshan,Malhotra,05,2026,5,darshan.malhotra177521500395,edutrack@123
dev.tripathi177521500396@college.edu,Dev,Tripathi,03,2024,1,dev.tripathi177521500396,edutrack@123
arvind.iyer177521500397@college.edu,Arvind,Iyer,04,2025,3,arvind.iyer177521500397,edutrack@123
uday.jain177521500398@college.edu,Uday,Jain,02,2026,5,uday.jain177521500398,edutrack@123
nikhil.kulkarni177521500399@college.edu,Nikhil,Kulkarni,04,2024,1,nikhil.kulkarni177521500399,edutrack@123
uday.malhotra1775215003100@college.edu,Uday,Malhotra,05,2025,3,uday.malhotra1775215003100,edutrack@123
aryan.lal1775215003101@college.edu,Aryan,Lal,03,2026,5,aryan.lal1775215003101,edutrack@123
ravi.kapoor1775215003102@college.edu,Ravi,Kapoor,05,2024,1,ravi.kapoor1775215003102,edutrack@123
varun.kulkarni1775215003103@college.edu,Varun,Kulkarni,04,2025,3,varun.kulkarni1775215003103,edutrack@123
abhinav.shetty1775215003104@college.edu,Abhinav,Shetty,02,2026,5,abhinav.shetty1775215003104,edutrack@123
arjun.tripathi1775215003105@college.edu,Arjun,Tripathi,02,2024,1,arjun.tripathi1775215003105,edutrack@123
dinesh.nair1775215003106@college.edu,Dinesh,Nair,02,2025,3,dinesh.nair1775215003106,edutrack@123
vinay.sen1775215003107@college.edu,Vinay,Sen,05,2026,5,vinay.sen1775215003107,edutrack@123
praveen.roy1775215003108@college.edu,Praveen,Roy,05,2024,1,praveen.roy1775215003108,edutrack@123
krishna.singh1775215003109@college.edu,Krishna,Singh,02,2025,3,krishna.singh1775215003109,edutrack@123
arjun.kumar1775215003110@college.edu,Arjun,Kumar,01,2026,5,arjun.kumar1775215003110,edutrack@123
rahul.pillai1775215003111@college.edu,Rahul,Pillai,04,2024,1,rahul.pillai1775215003111,edutrack@123
kiran.das1775215003112@college.edu,Kiran,Das,05,2025,3,kiran.das1775215003112,edutrack@123
aryan.sharma1775215003113@college.edu,Aryan,Sharma,01,2026,5,aryan.sharma1775215003113,edutrack@123
pranav.pandey1775215003114@college.edu,Pranav,Pandey,05,2024,1,pranav.pandey1775215003114,edutrack@123
kiran.reddy1775215003115@college.edu,Kiran,Reddy,04,2025,3,kiran.reddy1775215003115,edutrack@123
ritvik.malhotra1775215003116@college.edu,Ritvik,Malhotra,05,2026,5,ritvik.malhotra1775215003116,edutrack@123
anil.nair1775215003117@college.edu,Anil,Nair,02,2024,1,anil.nair1775215003117,edutrack@123
yash.nag1775215003118@college.edu,Yash,Nag,02,2025,3,yash.nag1775215003118,edutrack@123
vinay.yadav1775215003119@college.edu,Vinay,Yadav,02,2026,5,vinay.yadav1775215003119,edutrack@123
vamsi.rawat1775215003120@college.edu,Vamsi,Rawat,04,2024,1,vamsi.rawat1775215003120,edutrack@123
ajay.yadav1775215003121@college.edu,Ajay,Yadav,04,2025,3,ajay.yadav1775215003121,edutrack@123
siddharth.kapoor1775215003122@college.edu,Siddharth,Kapoor,02,2026,5,siddharth.kapoor1775215003122,edutrack@123
aarav.verma1775215003123@college.edu,Aarav,Verma,02,2024,1,aarav.verma1775215003123,edutrack@123
vamsi.saxena1775215003124@college.edu,Vamsi,Saxena,05,2025,3,vamsi.saxena1775215003124,edutrack@123
praveen.paul1775215003125@college.edu,Praveen,Paul,05,2026,5,praveen.paul1775215003125,edutrack@123
vivek.kohli1775215003126@college.edu,Vivek,Kohli,01,2024,1,vivek.kohli1775215003126,edutrack@123
arjun.seth1775215003127@college.edu,Arjun,Seth,04,2025,3,arjun.seth1775215003127,edutrack@123
naveen.suri1775215003128@college.edu,Naveen,Suri,05,2026,5,naveen.suri1775215003128,edutrack@123
bhargav.singh1775215003129@college.edu,Bhargav,Singh,03,2024,1,bhargav.singh1775215003129,edutrack@123
krishna.bhatt1775215003130@college.edu,Krishna,Bhatt,05,2025,3,krishna.bhatt1775215003130,edutrack@123
tarun.pandey1775215003131@college.edu,Tarun,Pandey,01,2026,5,tarun.pandey1775215003131,edutrack@123
dev.nag1775215003132@college.edu,Dev,Nag,02,2024,1,dev.nag1775215003132,edutrack@123
pranav.mehta1775215003133@college.edu,Pranav,Mehta,01,2025,3,pranav.mehta1775215003133,edutrack@123
sai.iyer1775215003134@college.edu,Sai,Iyer,05,2026,5,sai.iyer1775215003134,edutrack@123
uday.lal1775215003135@college.edu,Uday,Lal,01,2024,1,uday.lal1775215003135,edutrack@123
raghu.pandey1775215003136@college.edu,Raghu,Pandey,02,2025,3,raghu.pandey1775215003136,edutrack@123
rohan.bhat1775215003137@college.edu,Rohan,Bhat,04,2026,5,rohan.bhat1775215003137,edutrack@123
ajay.das1775215003138@college.edu,Ajay,Das,03,2024,1,ajay.das1775215003138,edutrack@123
sandeep.menon1775215003139@college.edu,Sandeep,Menon,03,2025,3,sandeep.menon1775215003139,edutrack@123
madhav.tripathi1775215003140@college.edu,Madhav,Tripathi,05,2026,5,madhav.tripathi1775215003140,edutrack@123
anil.roy1775215003141@college.edu,Anil,Roy,02,2024,1,anil.roy1775215003141,edutrack@123
harsha.gupta1775215003142@college.edu,Harsha,Gupta,01,2025,3,harsha.gupta1775215003142,edutrack@123
darshan.iyer1775215003143@college.edu,Darshan,Iyer,04,2026,5,darshan.iyer1775215003143,edutrack@123
manoj.verma1775215003144@college.edu,Manoj,Verma,03,2024,1,manoj.verma1775215003144,edutrack@123
aditya.rao1775215003145@college.edu,Aditya,Rao,04,2025,3,aditya.rao1775215003145,edutrack@123
chaitanya.bose1775215003146@college.edu,Chaitanya,Bose,05,2026,5,chaitanya.bose1775215003146,edutrack@123
sandeep.ghosh1775215003147@college.edu,Sandeep,Ghosh,03,2024,1,sandeep.ghosh1775215003147,edutrack@123
surya.kulkarni1775215003148@college.edu,Surya,Kulkarni,04,2025,3,surya.kulkarni1775215003148,edutrack@123
tarun.patel1775215003149@college.edu,Tarun,Patel,01,2026,5,tarun.patel1775215003149,edutrack@123
tarun.ghosh1775215003150@college.edu,Tarun,Ghosh,01,2024,1,tarun.ghosh1775215003150,edutrack@123
gokul.saxena1775215003151@college.edu,Gokul,Saxena,04,2025,3,gokul.saxena1775215003151,edutrack@123
karthik.bose1775215003152@college.edu,Karthik,Bose,05,2026,5,karthik.bose1775215003152,edutrack@123
gokul.lal1775215003153@college.edu,Gokul,Lal,03,2024,1,gokul.lal1775215003153,edutrack@123
rahul.pillai1775215003154@college.edu,Rahul,Pillai,03,2025,3,rahul.pillai1775215003154,edutrack@123
gokul.menon1775215003155@college.edu,Gokul,Menon,05,2026,5,gokul.menon1775215003155,edutrack@123
yash.kohli1775215003156@college.edu,Yash,Kohli,05,2024,1,yash.kohli1775215003156,edutrack@123
deepak.nag1775215003157@college.edu,Deepak,Nag,02,2025,3,deepak.nag1775215003157,edutrack@123
deepak.lal1775215003158@college.edu,Deepak,Lal,01,2026,5,deepak.lal1775215003158,edutrack@123
pranav.lal1775215003159@college.edu,Pranav,Lal,04,2024,1,pranav.lal1775215003159,edutrack@123
darshan.chopra1775215003160@college.edu,Darshan,Chopra,02,2025,3,darshan.chopra1775215003160,edutrack@123
sai.chatterjee1775215003161@college.edu,Sai,Chatterjee,02,2026,5,sai.chatterjee1775215003161,edutrack@123
pranav.yadav1775215003162@college.edu,Pranav,Yadav,02,2024,1,pranav.yadav1775215003162,edutrack@123
uday.pillai1775215003163@college.edu,Uday,Pillai,03,2025,3,uday.pillai1775215003163,edutrack@123
praveen.kulkarni1775215003164@college.edu,Praveen,Kulkarni,03,2026,5,praveen.kulkarni1775215003164,edutrack@123
aarav.seth1775215003165@college.edu,Aarav,Seth,05,2024,1,aarav.seth1775215003165,edutrack@123
vamsi.bansal1775215003166@college.edu,Vamsi,Bansal,01,2025,3,vamsi.bansal1775215003166,edutrack@123
anil.bhat1775215003167@college.edu,Anil,Bhat,02,2026,5,anil.bhat1775215003167,edutrack@123
kiran.seth1775215003168@college.edu,Kiran,Seth,04,2024,1,kiran.seth1775215003168,edutrack@123
naresh.chopra1775215003169@college.edu,Naresh,Chopra,04,2025,3,naresh.chopra1775215003169,edutrack@123
abhinav.chatterjee1775215003170@college.edu,Abhinav,Chatterjee,05,2026,5,abhinav.chatterjee1775215003170,edutrack@123
uday.rawat1775215003171@college.edu,Uday,Rawat,03,2024,1,uday.rawat1775215003171,edutrack@123
arvind.seth1775215003172@college.edu,Arvind,Seth,04,2025,3,arvind.seth1775215003172,edutrack@123
chaitanya.pandey1775215003173@college.edu,Chaitanya,Pandey,01,2026,5,chaitanya.pandey1775215003173,edutrack@123
raghu.tripathi1775215003174@college.edu,Raghu,Tripathi,01,2024,1,raghu.tripathi1775215003174,edutrack@123
pranav.das1775215003175@college.edu,Pranav,Das,03,2025,3,pranav.das1775215003175,edutrack@123
tarun.roy1775215003176@college.edu,Tarun,Roy,03,2026,5,tarun.roy1775215003176,edutrack@123
naveen.malhotra1775215003177@college.edu,Naveen,Malhotra,04,2024,1,naveen.malhotra1775215003177,edutrack@123
anil.dutta1775215003178@college.edu,Anil,Dutta,03,2025,3,anil.dutta1775215003178,edutrack@123
deepak.singh1775215003179@college.edu,Deepak,Singh,03,2026,5,deepak.singh1775215003179,edutrack@123
abhinav.kulkarni1775215003180@college.edu,Abhinav,Kulkarni,04,2024,1,abhinav.kulkarni1775215003180,edutrack@123
lokesh.yadav1775215003181@college.edu,Lokesh,Yadav,02,2025,3,lokesh.yadav1775215003181,edutrack@123
varun.kaul1775215003182@college.edu,Varun,Kaul,03,2026,5,varun.kaul1775215003182,edutrack@123
chaitanya.kulkarni1775215003183@college.edu,Chaitanya,Kulkarni,03,2024,1,chaitanya.kulkarni1775215003183,edutrack@123
varun.saini1775215003184@college.edu,Varun,Saini,01,2025,3,varun.saini1775215003184,edutrack@123
rahul.bose1775215003185@college.edu,Rahul,Bose,03,2026,5,rahul.bose1775215003185,edutrack@123
darshan.kulkarni1775215003186@college.edu,Darshan,Kulkarni,02,2024,1,darshan.kulkarni1775215003186,edutrack@123
naveen.yadav1775215003187@college.edu,Naveen,Yadav,02,2025,3,naveen.yadav1775215003187,edutrack@123
mahesh.das1775215003188@college.edu,Mahesh,Das,03,2026,5,mahesh.das1775215003188,edutrack@123
aditya.kohli1775215003189@college.edu,Aditya,Kohli,05,2024,1,aditya.kohli1775215003189,edutrack@123
gokul.kumar1775215003190@college.edu,Gokul,Kumar,04,2025,3,gokul.kumar1775215003190,edutrack@123
tejas.seth1775215003191@college.edu,Tejas,Seth,02,2026,5,tejas.seth1775215003191,edutrack@123
vinay.saxena1775215003192@college.edu,Vinay,Saxena,05,2024,1,vinay.saxena1775215003192,edutrack@123
ravi.rao1775215003193@college.edu,Ravi,Rao,03,2025,3,ravi.rao1775215003193,edutrack@123
madhav.menon1775215003194@college.edu,Madhav,Menon,02,2026,5,madhav.menon1775215003194,edutrack@123
ajay.sen1775215003195@college.edu,Ajay,Sen,03,2024,1,ajay.sen1775215003195,edutrack@123
tejas.mishra1775215003196@college.edu,Tejas,Mishra,02,2025,3,tejas.mishra1775215003196,edutrack@123
pranav.yadav1775215003197@college.edu,Pranav,Yadav,04,2026,5,pranav.yadav1775215003197,edutrack@123
arjun.dubey1775215003198@college.edu,Arjun,Dubey,05,2024,1,arjun.dubey1775215003198,edutrack@123
aarav.agarwal1775215003199@college.edu,Aarav,Agarwal,01,2025,3,aarav.agarwal1775215003199,edutrack@123
dev.agarwal1775215003200@college.edu,Dev,Agarwal,02,2026,5,dev.agarwal1775215003200,edutrack@123
naveen.kapoor1775215003201@college.edu,Naveen,Kapoor,04,2024,1,naveen.kapoor1775215003201,edutrack@123
naveen.patel1775215003202@college.edu,Naveen,Patel,05,2025,3,naveen.patel1775215003202,edutrack@123
ravi.jain1775215003203@college.edu,Ravi,Jain,04,2026,5,ravi.jain1775215003203,edutrack@123
rahul.yadav1775215003204@college.edu,Rahul,Yadav,03,2024,1,rahul.yadav1775215003204,edutrack@123
gokul.shetty1775215003205@college.edu,Gokul,Shetty,01,2025,3,gokul.shetty1775215003205,edutrack@123
ritvik.chopra1775215003206@college.edu,Ritvik,Chopra,05,2026,5,ritvik.chopra1775215003206,edutrack@123
praveen.chopra1775215003207@college.edu,Praveen,Chopra,05,2024,1,praveen.chopra1775215003207,edutrack@123
kiran.tripathi1775215003208@college.edu,Kiran,Tripathi,05,2025,3,kiran.tripathi1775215003208,edutrack@123
naveen.ghosh1775215003209@college.edu,Naveen,Ghosh,05,2026,5,naveen.ghosh1775215003209,edutrack@123
manoj.sen1775215003210@college.edu,Manoj,Sen,03,2024,1,manoj.sen1775215003210,edutrack@123
vivek.kaul1775215003211@college.edu,Vivek,Kaul,03,2025,3,vivek.kaul1775215003211,edutrack@123
mahesh.yadav1775215003212@college.edu,Mahesh,Yadav,03,2026,5,mahesh.yadav1775215003212,edutrack@123
bhargav.kohli1775215003213@college.edu,Bhargav,Kohli,01,2024,1,bhargav.kohli1775215003213,edutrack@123
aarav.chatterjee1775215003214@college.edu,Aarav,Chatterjee,03,2025,3,aarav.chatterjee1775215003214,edutrack@123
siddharth.jain1775215003215@college.edu,Siddharth,Jain,01,2026,5,siddharth.jain1775215003215,edutrack@123
sandeep.ghosh1775215003216@college.edu,Sandeep,Ghosh,03,2024,1,sandeep.ghosh1775215003216,edutrack@123
rohan.naidu1775215003217@college.edu,Rohan,Naidu,02,2025,3,rohan.naidu1775215003217,edutrack@123
rohan.das1775215003218@college.edu,Rohan,Das,02,2026,5,rohan.das1775215003218,edutrack@123
aarav.saxena1775215003219@college.edu,Aarav,Saxena,03,2024,1,aarav.saxena1775215003219,edutrack@123
yash.kaul1775215003220@college.edu,Yash,Kaul,03,2025,3,yash.kaul1775215003220,edutrack@123
harsha.shetty1775215003221@college.edu,Harsha,Shetty,04,2026,5,harsha.shetty1775215003221,edutrack@123
uday.pandey1775215003222@college.edu,Uday,Pandey,01,2024,1,uday.pandey1775215003222,edutrack@123
ajay.nair1775215003223@college.edu,Ajay,Nair,01,2025,3,ajay.nair1775215003223,edutrack@123
kiran.mehta1775215003224@college.edu,Kiran,Mehta,05,2026,5,kiran.mehta1775215003224,edutrack@123
aryan.rawat1775215003225@college.edu,Aryan,Rawat,03,2024,1,aryan.rawat1775215003225,edutrack@123
darshan.mehta1775215003226@college.edu,Darshan,Mehta,01,2025,3,darshan.mehta1775215003226,edutrack@123
bhargav.paul1775215003227@college.edu,Bhargav,Paul,05,2026,5,bhargav.paul1775215003227,edutrack@123
harsha.tripathi1775215003228@college.edu,Harsha,Tripathi,03,2024,1,harsha.tripathi1775215003228,edutrack@123
ajay.naidu1775215003229@college.edu,Ajay,Naidu,01,2025,3,ajay.naidu1775215003229,edutrack@123
surya.jain1775215003230@college.edu,Surya,Jain,01,2026,5,surya.jain1775215003230,edutrack@123
chaitanya.kapoor1775215003231@college.edu,Chaitanya,Kapoor,03,2024,1,chaitanya.kapoor1775215003231,edutrack@123
sandeep.bansal1775215003232@college.edu,Sandeep,Bansal,03,2025,3,sandeep.bansal1775215003232,edutrack@123
dev.ghosh1775215003233@college.edu,Dev,Ghosh,05,2026,5,dev.ghosh1775215003233,edutrack@123
ajay.nag1775215003234@college.edu,Ajay,Nag,01,2024,1,ajay.nag1775215003234,edutrack@123
kiran.shetty1775215003235@college.edu,Kiran,Shetty,01,2025,3,kiran.shetty1775215003235,edutrack@123
gokul.iyer1775215003236@college.edu,Gokul,Iyer,02,2026,5,gokul.iyer1775215003236,edutrack@123
anil.jain1775215003237@college.edu,Anil,Jain,01,2024,1,anil.jain1775215003237,edutrack@123
vinay.sen1775215003238@college.edu,Vinay,Sen,04,2025,3,vinay.sen1775215003238,edutrack@123
vinay.chatterjee1775215003239@college.edu,Vinay,Chatterjee,04,2026,5,vinay.chatterjee1775215003239,edutrack@123
dinesh.agarwal1775215003240@college.edu,Dinesh,Agarwal,02,2024,1,dinesh.agarwal1775215003240,edutrack@123
ravi.thakur1775215003241@college.edu,Ravi,Thakur,01,2025,3,ravi.thakur1775215003241,edutrack@123
uday.mehta1775215003242@college.edu,Uday,Mehta,05,2026,5,uday.mehta1775215003242,edutrack@123
anil.pandey1775215003243@college.edu,Anil,Pandey,05,2024,1,anil.pandey1775215003243,edutrack@123
siddharth.kaul1775215003244@college.edu,Siddharth,Kaul,04,2025,3,siddharth.kaul1775215003244,edutrack@123
ravi.joshi1775215003245@college.edu,Ravi,Joshi,02,2026,5,ravi.joshi1775215003245,edutrack@123
bhargav.malhotra1775215003246@college.edu,Bhargav,Malhotra,01,2024,1,bhargav.malhotra1775215003246,edutrack@123
abhinav.bhatt1775215003247@college.edu,Abhinav,Bhatt,05,2025,3,abhinav.bhatt1775215003247,edutrack@123
pavan.chopra1775215003248@college.edu,Pavan,Chopra,03,2026,5,pavan.chopra1775215003248,edutrack@123
vihaan.rawat1775215003249@college.edu,Vihaan,Rawat,02,2024,1,vihaan.rawat1775215003249,edutrack@123
shashank.mishra1775215003250@college.edu,Shashank,Mishra,03,2025,3,shashank.mishra1775215003250,edutrack@123
kiran.singh1775215003251@college.edu,Kiran,Singh,01,2026,5,kiran.singh1775215003251,edutrack@123
naveen.bansal1775215003252@college.edu,Naveen,Bansal,03,2024,1,naveen.bansal1775215003252,edutrack@123
aarav.mishra1775215003253@college.edu,Aarav,Mishra,02,2025,3,aarav.mishra1775215003253,edutrack@123
dinesh.naidu1775215003254@college.edu,Dinesh,Naidu,05,2026,5,dinesh.naidu1775215003254,edutrack@123
satish.roy1775215003255@college.edu,Satish,Roy,01,2024,1,satish.roy1775215003255,edutrack@123
naveen.tripathi1775215003256@college.edu,Naveen,Tripathi,03,2025,3,naveen.tripathi1775215003256,edutrack@123
bhargav.singh1775215003257@college.edu,Bhargav,Singh,04,2026,5,bhargav.singh1775215003257,edutrack@123
satish.seth1775215003258@college.edu,Satish,Seth,04,2024,1,satish.seth1775215003258,edutrack@123
vamsi.seth1775215003259@college.edu,Vamsi,Seth,01,2025,3,vamsi.seth1775215003259,edutrack@123
vamsi.kulkarni1775215003260@college.edu,Vamsi,Kulkarni,02,2026,5,vamsi.kulkarni1775215003260,edutrack@123
aditya.tripathi1775215003261@college.edu,Aditya,Tripathi,01,2024,1,aditya.tripathi1775215003261,edutrack@123
tarun.patel1775215003262@college.edu,Tarun,Patel,01,2025,3,tarun.patel1775215003262,edutrack@123
dev.malhotra1775215003263@college.edu,Dev,Malhotra,04,2026,5,dev.malhotra1775215003263,edutrack@123
varun.malhotra1775215003264@college.edu,Varun,Malhotra,02,2024,1,varun.malhotra1775215003264,edutrack@123
madhav.menon1775215003265@college.edu,Madhav,Menon,05,2025,3,madhav.menon1775215003265,edutrack@123
naveen.rao1775215003266@college.edu,Naveen,Rao,03,2026,5,naveen.rao1775215003266,edutrack@123
manoj.pandey1775215003267@college.edu,Manoj,Pandey,02,2024,1,manoj.pandey1775215003267,edutrack@123
varun.bose1775215003268@college.edu,Varun,Bose,02,2025,3,varun.bose1775215003268,edutrack@123
pavan.das1775215003269@college.edu,Pavan,Das,01,2026,5,pavan.das1775215003269,edutrack@123
uday.jain1775215003270@college.edu,Uday,Jain,01,2024,1,uday.jain1775215003270,edutrack@123
rahul.menon1775215003271@college.edu,Rahul,Menon,01,2025,3,rahul.menon1775215003271,edutrack@123
madhav.dubey1775215003272@college.edu,Madhav,Dubey,03,2026,5,madhav.dubey1775215003272,edutrack@123
naresh.paul1775215003273@college.edu,Naresh,Paul,04,2024,1,naresh.paul1775215003273,edutrack@123
arjun.sen1775215003274@college.edu,Arjun,Sen,03,2025,3,arjun.sen1775215003274,edutrack@123
darshan.malhotra1775215003275@college.edu,Darshan,Malhotra,03,2026,5,darshan.malhotra1775215003275,edutrack@123
rahul.kaul1775215003276@college.edu,Rahul,Kaul,04,2024,1,rahul.kaul1775215003276,edutrack@123
vinay.yadav1775215003277@college.edu,Vinay,Yadav,03,2025,3,vinay.yadav1775215003277,edutrack@123
arjun.yadav1775215003278@college.edu,Arjun,Yadav,05,2026,5,arjun.yadav1775215003278,edutrack@123
arvind.dutta1775215003279@college.edu,Arvind,Dutta,03,2024,1,arvind.dutta1775215003279,edutrack@123
vamsi.mehta1775215003280@college.edu,Vamsi,Mehta,04,2025,3,vamsi.mehta1775215003280,edutrack@123
rahul.mehta1775215003281@college.edu,Rahul,Mehta,05,2026,5,rahul.mehta1775215003281,edutrack@123
harsha.malhotra1775215003282@college.edu,Harsha,Malhotra,03,2024,1,harsha.malhotra1775215003282,edutrack@123
ritvik.verma1775215003283@college.edu,Ritvik,Verma,05,2025,3,ritvik.verma1775215003283,edutrack@123
dinesh.kohli1775215003284@college.edu,Dinesh,Kohli,03,2026,5,dinesh.kohli1775215003284,edutrack@123
aarav.pillai1775215003285@college.edu,Aarav,Pillai,01,2024,1,aarav.pillai1775215003285,edutrack@123
tarun.mishra1775215003286@college.edu,Tarun,Mishra,01,2025,3,tarun.mishra1775215003286,edutrack@123
yash.sen1775215003287@college.edu,Yash,Sen,05,2026,5,yash.sen1775215003287,edutrack@123
shashank.das1775215003288@college.edu,Shashank,Das,05,2024,1,shashank.das1775215003288,edutrack@123
dinesh.chauhan1775215003289@college.edu,Dinesh,Chauhan,04,2025,3,dinesh.chauhan1775215003289,edutrack@123
sai.bansal1775215003290@college.edu,Sai,Bansal,05,2026,5,sai.bansal1775215003290,edutrack@123
kiran.chatterjee1775215003291@college.edu,Kiran,Chatterjee,01,2024,1,kiran.chatterjee1775215003291,edutrack@123
karthik.shetty1775215003292@college.edu,Karthik,Shetty,02,2025,3,karthik.shetty1775215003292,edutrack@123
dev.thakur1775215003293@college.edu,Dev,Thakur,05,2026,5,dev.thakur1775215003293,edutrack@123
abhinav.nair1775215003294@college.edu,Abhinav,Nair,03,2024,1,abhinav.nair1775215003294,edutrack@123
surya.banerjee1775215003295@college.edu,Surya,Banerjee,04,2025,3,surya.banerjee1775215003295,edutrack@123
tejas.das1775215003296@college.edu,Tejas,Das,02,2026,5,tejas.das1775215003296,edutrack@123
lokesh.kumar1775215003297@college.edu,Lokesh,Kumar,04,2024,1,lokesh.kumar1775215003297,edutrack@123
madhav.kohli1775215003298@college.edu,Madhav,Kohli,04,2025,3,madhav.kohli1775215003298,edutrack@123
arjun.nair1775215003299@college.edu,Arjun,Nair,01,2026,5,arjun.nair1775215003299,edutrack@123
ravi.patel1775215003300@college.edu,Ravi,Patel,04,2024,1,ravi.patel1775215003300,edutrack@123
ritvik.jain1775215003301@college.edu,Ritvik,Jain,01,2025,3,ritvik.jain1775215003301,edutrack@123
vinay.mishra1775215003302@college.edu,Vinay,Mishra,03,2026,5,vinay.mishra1775215003302,edutrack@123
mahesh.sen1775215003303@college.edu,Mahesh,Sen,03,2024,1,mahesh.sen1775215003303,edutrack@123
darshan.banerjee1775215003304@college.edu,Darshan,Banerjee,05,2025,3,darshan.banerjee1775215003304,edutrack@123
shashank.paul1775215003305@college.edu,Shashank,Paul,05,2026,5,shashank.paul1775215003305,edutrack@123
naresh.chatterjee1775215003306@college.edu,Naresh,Chatterjee,05,2024,1,naresh.chatterjee1775215003306,edutrack@123
arjun.chauhan1775215003307@college.edu,Arjun,Chauhan,02,2025,3,arjun.chauhan1775215003307,edutrack@123
aryan.saini1775215003308@college.edu,Aryan,Saini,02,2026,5,aryan.saini1775215003308,edutrack@123
manoj.banerjee1775215003309@college.edu,Manoj,Banerjee,02,2024,1,manoj.banerjee1775215003309,edutrack@123
naresh.bansal1775215003310@college.edu,Naresh,Bansal,04,2025,3,naresh.bansal1775215003310,edutrack@123
gokul.iyer1775215003311@college.edu,Gokul,Iyer,05,2026,5,gokul.iyer1775215003311,edutrack@123
madhav.singh1775215003312@college.edu,Madhav,Singh,05,2024,1,madhav.singh1775215003312,edutrack@123
madhav.joshi1775215003313@college.edu,Madhav,Joshi,02,2025,3,madhav.joshi1775215003313,edutrack@123
naresh.naidu1775215003314@college.edu,Naresh,Naidu,04,2026,5,naresh.naidu1775215003314,edutrack@123
surya.roy1775215003315@college.edu,Surya,Roy,02,2024,1,surya.roy1775215003315,edutrack@123
vamsi.singh1775215003316@college.edu,Vamsi,Singh,03,2025,3,vamsi.singh1775215003316,edutrack@123
manoj.kulkarni1775215003317@college.edu,Manoj,Kulkarni,02,2026,5,manoj.kulkarni1775215003317,edutrack@123
madhav.seth1775215003318@college.edu,Madhav,Seth,02,2024,1,madhav.seth1775215003318,edutrack@123
karthik.gupta1775215003319@college.edu,Karthik,Gupta,02,2025,3,karthik.gupta1775215003319,edutrack@123
dev.agarwal1775215003320@college.edu,Dev,Agarwal,02,2026,5,dev.agarwal1775215003320,edutrack@123
aryan.mehta1775215003321@college.edu,Aryan,Mehta,04,2024,1,aryan.mehta1775215003321,edutrack@123
nikhil.rawat1775215003322@college.edu,Nikhil,Rawat,02,2025,3,nikhil.rawat1775215003322,edutrack@123
surya.singh1775215003323@college.edu,Surya,Singh,02,2026,5,surya.singh1775215003323,edutrack@123
harsha.pillai1775215003324@college.edu,Harsha,Pillai,04,2024,1,harsha.pillai1775215003324,edutrack@123
madhav.mishra1775215003325@college.edu,Madhav,Mishra,04,2025,3,madhav.mishra1775215003325,edutrack@123
chaitanya.patel1775215003326@college.edu,Chaitanya,Patel,05,2026,5,chaitanya.patel1775215003326,edutrack@123
deepak.jain1775215003327@college.edu,Deepak,Jain,02,2024,1,deepak.jain1775215003327,edutrack@123
gokul.pillai1775215003328@college.edu,Gokul,Pillai,02,2025,3,gokul.pillai1775215003328,edutrack@123
gokul.menon1775215003329@college.edu,Gokul,Menon,01,2026,5,gokul.menon1775215003329,edutrack@123
gokul.rao1775215003330@college.edu,Gokul,Rao,05,2024,1,gokul.rao1775215003330,edutrack@123
vihaan.das1775215003331@college.edu,Vihaan,Das,05,2025,3,vihaan.das1775215003331,edutrack@123
ravi.ghosh1775215003332@college.edu,Ravi,Ghosh,01,2026,5,ravi.ghosh1775215003332,edutrack@123
vamsi.jain1775215003333@college.edu,Vamsi,Jain,04,2024,1,vamsi.jain1775215003333,edutrack@123
tejas.chauhan1775215003334@college.edu,Tejas,Chauhan,05,2025,3,tejas.chauhan1775215003334,edutrack@123
pavan.saini1775215003335@college.edu,Pavan,Saini,05,2026,5,pavan.saini1775215003335,edutrack@123
nikhil.iyer1775215003336@college.edu,Nikhil,Iyer,04,2024,1,nikhil.iyer1775215003336,edutrack@123
deepak.verma1775215003337@college.edu,Deepak,Verma,04,2025,3,deepak.verma1775215003337,edutrack@123
surya.kapoor1775215003338@college.edu,Surya,Kapoor,05,2026,5,surya.kapoor1775215003338,edutrack@123
dinesh.sen1775215003339@college.edu,Dinesh,Sen,03,2024,1,dinesh.sen1775215003339,edutrack@123
ajay.shetty1775215003340@college.edu,Ajay,Shetty,04,2025,3,ajay.shetty1775215003340,edutrack@123
naresh.pillai1775215003341@college.edu,Naresh,Pillai,05,2026,5,naresh.pillai1775215003341,edutrack@123
aarav.saini1775215003342@college.edu,Aarav,Saini,04,2024,1,aarav.saini1775215003342,edutrack@123
naresh.nair1775215003343@college.edu,Naresh,Nair,04,2025,3,naresh.nair1775215003343,edutrack@123
krishna.pillai1775215003344@college.edu,Krishna,Pillai,02,2026,5,krishna.pillai1775215003344,edutrack@123
aditya.bose1775215003345@college.edu,Aditya,Bose,02,2024,1,aditya.bose1775215003345,edutrack@123
aditya.shetty1775215003346@college.edu,Aditya,Shetty,04,2025,3,aditya.shetty1775215003346,edutrack@123
ajay.mishra1775215003347@college.edu,Ajay,Mishra,04,2026,5,ajay.mishra1775215003347,edutrack@123
vihaan.mishra1775215003348@college.edu,Vihaan,Mishra,05,2024,1,vihaan.mishra1775215003348,edutrack@123
yash.bansal1775215003349@college.edu,Yash,Bansal,05,2025,3,yash.bansal1775215003349,edutrack@123
rakesh.kulkarni1775215003350@college.edu,Rakesh,Kulkarni,02,2026,5,rakesh.kulkarni1775215003350,edutrack@123
yash.mishra1775215003351@college.edu,Yash,Mishra,02,2024,1,yash.mishra1775215003351,edutrack@123
varun.saxena1775215003352@college.edu,Varun,Saxena,01,2025,3,varun.saxena1775215003352,edutrack@123
dinesh.naidu1775215003353@college.edu,Dinesh,Naidu,04,2026,5,dinesh.naidu1775215003353,edutrack@123
vivek.ghosh1775215003354@college.edu,Vivek,Ghosh,05,2024,1,vivek.ghosh1775215003354,edutrack@123
rakesh.menon1775215003355@college.edu,Rakesh,Menon,02,2025,3,rakesh.menon1775215003355,edutrack@123
ajay.saini1775215003356@college.edu,Ajay,Saini,04,2026,5,ajay.saini1775215003356,edutrack@123
lokesh.lal1775215003357@college.edu,Lokesh,Lal,05,2024,1,lokesh.lal1775215003357,edutrack@123
dinesh.kohli1775215003358@college.edu,Dinesh,Kohli,02,2025,3,dinesh.kohli1775215003358,edutrack@123
chaitanya.kumar1775215003359@college.edu,Chaitanya,Kumar,05,2026,5,chaitanya.kumar1775215003359,edutrack@123
pranav.suri1775215003360@college.edu,Pranav,Suri,04,2024,1,pranav.suri1775215003360,edutrack@123
chaitanya.singh1775215003361@college.edu,Chaitanya,Singh,03,2025,3,chaitanya.singh1775215003361,edutrack@123
dinesh.banerjee1775215003362@college.edu,Dinesh,Banerjee,03,2026,5,dinesh.banerjee1775215003362,edutrack@123
arjun.menon1775215003363@college.edu,Arjun,Menon,03,2024,1,arjun.menon1775215003363,edutrack@123
manoj.mehta1775215003364@college.edu,Manoj,Mehta,02,2025,3,manoj.mehta1775215003364,edutrack@123
deepak.pillai1775215003365@college.edu,Deepak,Pillai,04,2026,5,deepak.pillai1775215003365,edutrack@123
praveen.kohli1775215003366@college.edu,Praveen,Kohli,01,2024,1,praveen.kohli1775215003366,edutrack@123
uday.sharma1775215003367@college.edu,Uday,Sharma,03,2025,3,uday.sharma1775215003367,edutrack@123
madhav.singh1775215003368@college.edu,Madhav,Singh,05,2026,5,madhav.singh1775215003368,edutrack@123
nikhil.agarwal1775215003369@college.edu,Nikhil,Agarwal,01,2024,1,nikhil.agarwal1775215003369,edutrack@123
lokesh.naidu1775215003370@college.edu,Lokesh,Naidu,01,2025,3,lokesh.naidu1775215003370,edutrack@123
aarav.bansal1775215003371@college.edu,Aarav,Bansal,02,2026,5,aarav.bansal1775215003371,edutrack@123
rakesh.yadav1775215003372@college.edu,Rakesh,Yadav,02,2024,1,rakesh.yadav1775215003372,edutrack@123
lokesh.bhat1775215003373@college.edu,Lokesh,Bhat,01,2025,3,lokesh.bhat1775215003373,edutrack@123
bhargav.saini1775215003374@college.edu,Bhargav,Saini,02,2026,5,bhargav.saini1775215003374,edutrack@123
deepak.gupta1775215003375@college.edu,Deepak,Gupta,03,2024,1,deepak.gupta1775215003375,edutrack@123
harsha.tripathi1775215003376@college.edu,Harsha,Tripathi,01,2025,3,harsha.tripathi1775215003376,edutrack@123
praveen.singh1775215003377@college.edu,Praveen,Singh,02,2026,5,praveen.singh1775215003377,edutrack@123
ravi.saxena1775215003378@college.edu,Ravi,Saxena,04,2024,1,ravi.saxena1775215003378,edutrack@123
lokesh.banerjee1775215003379@college.edu,Lokesh,Banerjee,01,2025,3,lokesh.banerjee1775215003379,edutrack@123
satish.reddy1775215003380@college.edu,Satish,Reddy,02,2026,5,satish.reddy1775215003380,edutrack@123
lokesh.tripathi1775215003381@college.edu,Lokesh,Tripathi,05,2024,1,lokesh.tripathi1775215003381,edutrack@123
yash.patel1775215003382@college.edu,Yash,Patel,03,2025,3,yash.patel1775215003382,edutrack@123
yash.rao1775215003383@college.edu,Yash,Rao,04,2026,5,yash.rao1775215003383,edutrack@123
vamsi.bhat1775215003384@college.edu,Vamsi,Bhat,01,2024,1,vamsi.bhat1775215003384,edutrack@123
tarun.kaul1775215003385@college.edu,Tarun,Kaul,01,2025,3,tarun.kaul1775215003385,edutrack@123
gokul.roy1775215003386@college.edu,Gokul,Roy,02,2026,5,gokul.roy1775215003386,edutrack@123
rahul.nair1775215003387@college.edu,Rahul,Nair,04,2024,1,rahul.nair1775215003387,edutrack@123
ajay.iyer1775215003388@college.edu,Ajay,Iyer,02,2025,3,ajay.iyer1775215003388,edutrack@123
gokul.kumar1775215003389@college.edu,Gokul,Kumar,02,2026,5,gokul.kumar1775215003389,edutrack@123
tarun.iyer1775215003390@college.edu,Tarun,Iyer,04,2024,1,tarun.iyer1775215003390,edutrack@123
varun.kohli1775215003391@college.edu,Varun,Kohli,01,2025,3,varun.kohli1775215003391,edutrack@123
arjun.kapoor1775215003392@college.edu,Arjun,Kapoor,04,2026,5,arjun.kapoor1775215003392,edutrack@123
harsha.seth1775215003393@college.edu,Harsha,Seth,05,2024,1,harsha.seth1775215003393,edutrack@123
abhinav.gupta1775215003394@college.edu,Abhinav,Gupta,03,2025,3,abhinav.gupta1775215003394,edutrack@123
nikhil.agarwal1775215003395@college.edu,Nikhil,Agarwal,02,2026,5,nikhil.agarwal1775215003395,edutrack@123
raghu.bose1775215003396@college.edu,Raghu,Bose,01,2024,1,raghu.bose1775215003396,edutrack@123
chaitanya.joshi1775215003397@college.edu,Chaitanya,Joshi,03,2025,3,chaitanya.joshi1775215003397,edutrack@123
vivek.reddy1775215003398@college.edu,Vivek,Reddy,02,2026,5,vivek.reddy1775215003398,edutrack@123
kiran.nair1775215003399@college.edu,Kiran,Nair,04,2024,1,kiran.nair1775215003399,edutrack@123
harsha.mehta1775215003400@college.edu,Harsha,Mehta,04,2025,3,harsha.mehta1775215003400,edutrack@123
tejas.bhat1775215003401@college.edu,Tejas,Bhat,01,2026,5,tejas.bhat1775215003401,edutrack@123
rohan.bhat1775215003402@college.edu,Rohan,Bhat,02,2024,1,rohan.bhat1775215003402,edutrack@123
kiran.tripathi1775215003403@college.edu,Kiran,Tripathi,05,2025,3,kiran.tripathi1775215003403,edutrack@123
dev.das1775215003404@college.edu,Dev,Das,04,2026,5,dev.das1775215003404,edutrack@123
pavan.nag1775215003405@college.edu,Pavan,Nag,03,2024,1,pavan.nag1775215003405,edutrack@123
karthik.malhotra1775215003406@college.edu,Karthik,Malhotra,03,2025,3,karthik.malhotra1775215003406,edutrack@123
rakesh.das1775215003407@college.edu,Rakesh,Das,04,2026,5,rakesh.das1775215003407,edutrack@123
kiran.iyer1775215003408@college.edu,Kiran,Iyer,05,2024,1,kiran.iyer1775215003408,edutrack@123
siddharth.dutta1775215003409@college.edu,Siddharth,Dutta,05,2025,3,siddharth.dutta1775215003409,edutrack@123
lokesh.kohli1775215003410@college.edu,Lokesh,Kohli,05,2026,5,lokesh.kohli1775215003410,edutrack@123
aarav.agarwal1775215003411@college.edu,Aarav,Agarwal,04,2024,1,aarav.agarwal1775215003411,edutrack@123
naveen.jain1775215003412@college.edu,Naveen,Jain,05,2025,3,naveen.jain1775215003412,edutrack@123
rakesh.kulkarni1775215003413@college.edu,Rakesh,Kulkarni,04,2026,5,rakesh.kulkarni1775215003413,edutrack@123
aryan.sharma1775215003414@college.edu,Aryan,Sharma,05,2024,1,aryan.sharma1775215003414,edutrack@123
gokul.paul1775215003415@college.edu,Gokul,Paul,01,2025,3,gokul.paul1775215003415,edutrack@123
raghu.kapoor1775215003416@college.edu,Raghu,Kapoor,02,2026,5,raghu.kapoor1775215003416,edutrack@123
mahesh.pillai1775215003417@college.edu,Mahesh,Pillai,05,2024,1,mahesh.pillai1775215003417,edutrack@123
raghu.ghosh1775215003418@college.edu,Raghu,Ghosh,04,2025,3,raghu.ghosh1775215003418,edutrack@123
uday.singh1775215003419@college.edu,Uday,Singh,05,2026,5,uday.singh1775215003419,edutrack@123
rakesh.bhat1775215003420@college.edu,Rakesh,Bhat,03,2024,1,rakesh.bhat1775215003420,edutrack@123
deepak.thakur1775215003421@college.edu,Deepak,Thakur,04,2025,3,deepak.thakur1775215003421,edutrack@123
arjun.thakur1775215003422@college.edu,Arjun,Thakur,04,2026,5,arjun.thakur1775215003422,edutrack@123
darshan.chauhan1775215003423@college.edu,Darshan,Chauhan,03,2024,1,darshan.chauhan1775215003423,edutrack@123
vinay.bose1775215003424@college.edu,Vinay,Bose,01,2025,3,vinay.bose1775215003424,edutrack@123
aarav.verma1775215003425@college.edu,Aarav,Verma,05,2026,5,aarav.verma1775215003425,edutrack@123
tarun.pandey1775215003426@college.edu,Tarun,Pandey,01,2024,1,tarun.pandey1775215003426,edutrack@123
sandeep.saini1775215003427@college.edu,Sandeep,Saini,05,2025,3,sandeep.saini1775215003427,edutrack@123
ravi.mehta1775215003428@college.edu,Ravi,Mehta,05,2026,5,ravi.mehta1775215003428,edutrack@123
dev.banerjee1775215003429@college.edu,Dev,Banerjee,04,2024,1,dev.banerjee1775215003429,edutrack@123
arvind.suri1775215003430@college.edu,Arvind,Suri,04,2025,3,arvind.suri1775215003430,edutrack@123
aditya.seth1775215003431@college.edu,Aditya,Seth,05,2026,5,aditya.seth1775215003431,edutrack@123
uday.nag1775215003432@college.edu,Uday,Nag,05,2024,1,uday.nag1775215003432,edutrack@123
aryan.singh1775215003433@college.edu,Aryan,Singh,03,2025,3,aryan.singh1775215003433,edutrack@123
harsha.suri1775215003434@college.edu,Harsha,Suri,03,2026,5,harsha.suri1775215003434,edutrack@123
ritvik.chauhan1775215003435@college.edu,Ritvik,Chauhan,05,2024,1,ritvik.chauhan1775215003435,edutrack@123
dinesh.yadav1775215003436@college.edu,Dinesh,Yadav,04,2025,3,dinesh.yadav1775215003436,edutrack@123
satish.sen1775215003437@college.edu,Satish,Sen,05,2026,5,satish.sen1775215003437,edutrack@123
arjun.kulkarni1775215003438@college.edu,Arjun,Kulkarni,05,2024,1,arjun.kulkarni1775215003438,edutrack@123
lokesh.bhat1775215003439@college.edu,Lokesh,Bhat,01,2025,3,lokesh.bhat1775215003439,edutrack@123
aryan.bhat1775215003440@college.edu,Aryan,Bhat,02,2026,5,aryan.bhat1775215003440,edutrack@123
uday.kaul1775215003441@college.edu,Uday,Kaul,04,2024,1,uday.kaul1775215003441,edutrack@123
surya.roy1775215003442@college.edu,Surya,Roy,02,2025,3,surya.roy1775215003442,edutrack@123
naresh.joshi1775215003443@college.edu,Naresh,Joshi,01,2026,5,naresh.joshi1775215003443,edutrack@123
dinesh.paul1775215003444@college.edu,Dinesh,Paul,02,2024,1,dinesh.paul1775215003444,edutrack@123
krishna.reddy1775215003445@college.edu,Krishna,Reddy,04,2025,3,krishna.reddy1775215003445,edutrack@123
ajay.kumar1775215003446@college.edu,Ajay,Kumar,04,2026,5,ajay.kumar1775215003446,edutrack@123
aditya.jain1775215003447@college.edu,Aditya,Jain,03,2024,1,aditya.jain1775215003447,edutrack@123
tarun.saini1775215003448@college.edu,Tarun,Saini,05,2025,3,tarun.saini1775215003448,edutrack@123
harsha.ghosh1775215003449@college.edu,Harsha,Ghosh,04,2026,5,harsha.ghosh1775215003449,edutrack@123
naveen.menon1775215003450@college.edu,Naveen,Menon,03,2024,1,naveen.menon1775215003450,edutrack@123
varun.bansal1775215003451@college.edu,Varun,Bansal,05,2025,3,varun.bansal1775215003451,edutrack@123
sandeep.saxena1775215003452@college.edu,Sandeep,Saxena,02,2026,5,sandeep.saxena1775215003452,edutrack@123
manoj.lal1775215003453@college.edu,Manoj,Lal,04,2024,1,manoj.lal1775215003453,edutrack@123
surya.shetty1775215003454@college.edu,Surya,Shetty,05,2025,3,surya.shetty1775215003454,edutrack@123
mahesh.kaul1775215003455@college.edu,Mahesh,Kaul,05,2026,5,mahesh.kaul1775215003455,edutrack@123
arvind.dutta1775215003456@college.edu,Arvind,Dutta,03,2024,1,arvind.dutta1775215003456,edutrack@123
ajay.pandey1775215003457@college.edu,Ajay,Pandey,01,2025,3,ajay.pandey1775215003457,edutrack@123
lokesh.saini1775215003458@college.edu,Lokesh,Saini,05,2026,5,lokesh.saini1775215003458,edutrack@123
vinay.seth1775215003459@college.edu,Vinay,Seth,05,2024,1,vinay.seth1775215003459,edutrack@123
madhav.patel1775215003460@college.edu,Madhav,Patel,05,2025,3,madhav.patel1775215003460,edutrack@123
pavan.suri1775215003461@college.edu,Pavan,Suri,02,2026,5,pavan.suri1775215003461,edutrack@123
anil.yadav1775215003462@college.edu,Anil,Yadav,04,2024,1,anil.yadav1775215003462,edutrack@123
naresh.chatterjee1775215003463@college.edu,Naresh,Chatterjee,03,2025,3,naresh.chatterjee1775215003463,edutrack@123
kiran.rawat1775215003464@college.edu,Kiran,Rawat,03,2026,5,kiran.rawat1775215003464,edutrack@123
dinesh.sen1775215003465@college.edu,Dinesh,Sen,02,2024,1,dinesh.sen1775215003465,edutrack@123
uday.joshi1775215003466@college.edu,Uday,Joshi,05,2025,3,uday.joshi1775215003466,edutrack@123
uday.sharma1775215003467@college.edu,Uday,Sharma,05,2026,5,uday.sharma1775215003467,edutrack@123
satish.singh1775215003468@college.edu,Satish,Singh,04,2024,1,satish.singh1775215003468,edutrack@123
madhav.suri1775215003469@college.edu,Madhav,Suri,05,2025,3,madhav.suri1775215003469,edutrack@123
rahul.chatterjee1775215003470@college.edu,Rahul,Chatterjee,04,2026,5,rahul.chatterjee1775215003470,edutrack@123
aarav.kaul1775215003471@college.edu,Aarav,Kaul,02,2024,1,aarav.kaul1775215003471,edutrack@123
madhav.saini1775215003472@college.edu,Madhav,Saini,05,2025,3,madhav.saini1775215003472,edutrack@123
tejas.das1775215003473@college.edu,Tejas,Das,05,2026,5,tejas.das1775215003473,edutrack@123
shashank.menon1775215003474@college.edu,Shashank,Menon,04,2024,1,shashank.menon1775215003474,edutrack@123
raghu.ghosh1775215003475@college.edu,Raghu,Ghosh,01,2025,3,raghu.ghosh1775215003475,edutrack@123
naresh.dutta1775215003476@college.edu,Naresh,Dutta,02,2026,5,naresh.dutta1775215003476,edutrack@123
siddharth.bansal1775215003477@college.edu,Siddharth,Bansal,05,2024,1,siddharth.bansal1775215003477,edutrack@123
pranav.paul1775215003478@college.edu,Pranav,Paul,05,2025,3,pranav.paul1775215003478,edutrack@123
rakesh.iyer1775215003479@college.edu,Rakesh,Iyer,04,2026,5,rakesh.iyer1775215003479,edutrack@123
siddharth.kumar1775215003480@college.edu,Siddharth,Kumar,04,2024,1,siddharth.kumar1775215003480,edutrack@123
aarav.bhat1775215003481@college.edu,Aarav,Bhat,04,2025,3,aarav.bhat1775215003481,edutrack@123
shashank.dubey1775215003482@college.edu,Shashank,Dubey,05,2026,5,shashank.dubey1775215003482,edutrack@123
tarun.patel1775215003483@college.edu,Tarun,Patel,03,2024,1,tarun.patel1775215003483,edutrack@123
sai.menon1775215003484@college.edu,Sai,Menon,05,2025,3,sai.menon1775215003484,edutrack@123
rakesh.malhotra1775215003485@college.edu,Rakesh,Malhotra,05,2026,5,rakesh.malhotra1775215003485,edutrack@123
kiran.pillai1775215003486@college.edu,Kiran,Pillai,04,2024,1,kiran.pillai1775215003486,edutrack@123
arjun.shetty1775215003487@college.edu,Arjun,Shetty,01,2025,3,arjun.shetty1775215003487,edutrack@123
yash.das1775215003488@college.edu,Yash,Das,01,2026,5,yash.das1775215003488,edutrack@123
pranav.ghosh1775215003489@college.edu,Pranav,Ghosh,05,2024,1,pranav.ghosh1775215003489,edutrack@123
arjun.pillai1775215003490@college.edu,Arjun,Pillai,05,2025,3,arjun.pillai1775215003490,edutrack@123
darshan.jain1775215003491@college.edu,Darshan,Jain,01,2026,5,darshan.jain1775215003491,edutrack@123
rakesh.dutta1775215003492@college.edu,Rakesh,Dutta,05,2024,1,rakesh.dutta1775215003492,edutrack@123
rahul.gupta1775215003493@college.edu,Rahul,Gupta,03,2025,3,rahul.gupta1775215003493,edutrack@123
shashank.naidu1775215003494@college.edu,Shashank,Naidu,04,2026,5,shashank.naidu1775215003494,edutrack@123
aarav.yadav1775215003495@college.edu,Aarav,Yadav,02,2024,1,aarav.yadav1775215003495,edutrack@123
satish.nag1775215003496@college.edu,Satish,Nag,03,2025,3,satish.nag1775215003496,edutrack@123
tejas.seth1775215003497@college.edu,Tejas,Seth,03,2026,5,tejas.seth1775215003497,edutrack@123
pavan.kapoor1775215003498@college.edu,Pavan,Kapoor,03,2024,1,pavan.kapoor1775215003498,edutrack@123
aditya.pillai1775215003499@college.edu,Aditya,Pillai,03,2025,3,aditya.pillai1775215003499,edutrack@123
